

{
    "dataset_info": {
        "shape": [
            1000,
            7
        ],
        "columns": [
            "PC1",
            "PC2",
            "PC3",
            "PC4",
            "PC5",
            "PC6",
            "Class"
        ],
        "dtypes": {
            "PC1": "float64",
            "PC2": "float64",
            "PC3": "float64",
            "PC4": "float64",
            "PC5": "float64",
            "PC6": "float64",
            "Class": "int64"
        },
        "memory_usage": 0.053531646728515625
    },
    "missing_values": {
        "missing_nan": {
            "Missing Count": {
                "PC1": 0,
                "PC2": 0,
                "PC3": 0,
                "PC4": 0,
                "PC5": 0,
                "PC6": 0,
                "Class": 0
            },
            "Percentage": {
                "PC1": 0.0,
                "PC2": 0.0,
                "PC3": 0.0,
                "PC4": 0.0,
                "PC5": 0.0,
                "PC6": 0.0,
                "Class": 0.0
            }
        },
        "impossible_zeros": {},
        "total_missing_values": 0
    },
    "type_inconsistencies": {},
    "target_distribution": {
        "distribution": {
            "1": 500,
            "0": 500
        },
        "percentages": {
            "1": 50.0,
            "0": 50.0
        },
        "imbalance_ratio": 1.0
    },
    "summary_statistics": {
        "PC1": {
            "count": 1000.0,
            "mean": 0.08501615161199018,
            "std": 0.7398614231375483,
            "min": -2.5774917414806735,
            "25%": -0.47710763478669505,
            "50%": 0.5121333006680696,
            "75%": 0.5868422878605671,
            "max": 0.7570066734562433
        },
        "PC2": {
            "count": 1000.0,
            "mean": 0.025493234742627373,
            "std": 0.318006506002293,
            "min": -0.5307174283624305,
            "25%": -0.23657045938845214,
            "50%": -0.0473935642115757,
            "75%": 0.2808728324775048,
            "max": 0.9370636825035621
        },
        "PC3": {
            "count": 1000.0,
            "mean": 0.013545480681354234,
            "std": 0.2565624155329636,
            "min": -0.4347678079481303,
            "25%": -0.18163667638034453,
            "50%": -0.04621136576284646,
            "75%": 0.15842548142180504,
            "max": 0.7876957219918576
        },
        "PC4": {
            "count": 1000.0,
            "mean": 0.004119309741015408,
            "std": 0.22723604570292122,
            "min": -0.6266906148509519,
            "25%": -0.1488582435374014,
            "50%": -0.01398238474412216,
            "75%": 0.16360925835187962,
            "max": 0.5767189168355724
        },
        "PC5": {
            "count": 1000.0,
            "mean": 0.012473462943632888,
            "std": 0.19599401890594226,
            "min": -0.5731309220306557,
            "25%": -0.12866002823118639,
            "50%": 0.008533973411497142,
            "75%": 0.15396512808808954,
            "max": 0.6816291884531547
        },
        "PC6": {
            "count": 1000.0,
            "mean": -0.012205516502599004,
            "std": 0.16156908434782075,
            "min": -0.5545117656987869,
            "25%": -0.1179609735112615,
            "50%": -0.013968685012094022,
            "75%": 0.09046289638466616,
            "max": 0.5355356605772739
        },
        "Class": {
            "count": 1000.0,
            "mean": 0.5,
            "std": 0.5002501876563868,
            "min": 0.0,
            "25%": 0.0,
            "50%": 0.5,
            "75%": 1.0,
            "max": 1.0
        }
    },
    "correlations": {
        "matrix": {
            "PC1": {
                "PC1": 1.0,
                "PC2": 0.019555247987619453,
                "PC3": 0.04612815439706979,
                "PC4": 0.01573279674001243,
                "PC5": 0.021955684272465102,
                "PC6": -0.01883992963619709,
                "Class": 0.37025650314728153
            },
            "PC2": {
                "PC1": 0.019555247987619453,
                "PC2": 1.0,
                "PC3": 0.0032313110891107103,
                "PC4": -0.022923922448459203,
                "PC5": -0.03869893442869752,
                "PC6": -0.0064054215244549444,
                "Class": 0.2899839717881264
            },
            "PC3": {
                "PC1": 0.04612815439706979,
                "PC2": 0.0032313110891107103,
                "PC3": 1.0,
                "PC4": 0.0142678266113707,
                "PC5": -0.003573133006484654,
                "PC6": -0.0030358515564186343,
                "Class": 0.17734427106359646
            },
            "PC4": {
                "PC1": 0.01573279674001243,
                "PC2": -0.022923922448459203,
                "PC3": 0.0142678266113707,
                "PC4": 1.0,
                "PC5": 0.006787861361196233,
                "PC6": -0.002441542742681682,
                "Class": 0.019756443896684024
            },
            "PC5": {
                "PC1": 0.021955684272465102,
                "PC2": -0.03869893442869752,
                "PC3": -0.003573133006484654,
                "PC4": 0.006787861361196233,
                "PC5": 1.0,
                "PC6": -0.022322416868786662,
                "Class": 0.21935612903620846
            },
            "PC6": {
                "PC1": -0.01883992963619709,
                "PC2": -0.0064054215244549444,
                "PC3": -0.0030358515564186343,
                "PC4": -0.002441542742681682,
                "PC5": -0.022322416868786662,
                "PC6": 1.0,
                "Class": -0.25202748032818567
            },
            "Class": {
                "PC1": 0.37025650314728153,
                "PC2": 0.2899839717881264,
                "PC3": 0.17734427106359646,
                "PC4": 0.019756443896684024,
                "PC5": 0.21935612903620846,
                "PC6": -0.25202748032818567,
                "Class": 1.0
            }
        },
        "high_correlation_pairs": []
    }
}